title,score,id,url,comms_num,created,body,timestamp
"Despite the anxiety, despite the depression, despite all my self criticism and imperfections - I was a beautiful bride this Saturday!",7320,8zcjh1,https://i.redd.it/5f5126z4bca11.jpg,291,1531759918.0,,2018-07-17 00:51:58
Today I promised myself bacon and eggs if I could get myself to a coffee meet up. I was too anxious to attend last week. Guess who got bacon and eggs?!! Feeling so proud of myself for going.,5767,b18zmk,https://i.redd.it/b08fcynrv6m21.jpg,242,1552614917.0,,2019-03-15 09:55:17
"Have my first real, adult, job interview today! Not only that, but I also managed to drive by myself in city traffic! Two small victories üòä",4938,av1397,https://i.redd.it/beu1egfisxi21.jpg,142,1551197315.0,,2019-02-27 00:08:35
"Professor here, if you have missed class, please come back. We aren‚Äôt mad at you.",4883,asl2gr,https://www.reddit.com/r/Anxiety/comments/asl2gr/professor_here_if_you_have_missed_class_please/,207,1550644753.0,"Hello, I‚Äôve read a lot of posts recently about folks missing classes and feeling too anxious to come back. Don‚Äôt worry. We would much rather you come back to our classes than continue to miss. We teach because we care about you individually. We care about what‚Äôs going on in your lives. I know it‚Äôs easy to see professors as these omnipresent overlords but know that we are human and we have definitely been in your position before. Please feel better and know that you are always welcome back into class. Just shoot us an email and let us know what‚Äôs up so we can help you make up the work you missed.
",2019-02-20 14:39:13
I am busy.,4796,9yq9re,https://i.imgur.com/49erbvu.jpg,38,1542702175.0,,2018-11-20 16:22:55
My Uber driver had a panic attack mid-ride. Here's what happened.,4598,n0y195,https://www.reddit.com/r/Anxiety/comments/n0y195/my_uber_driver_had_a_panic_attack_midride_heres/,149,1619676000.0,"It was early afternoon and I had summoned an Uber driver from my home to take me to a friends house to watch some basketball about 25-30 minutes away.

He arrives, greetings were fine, asked me how my day was, standard stuff. Not much talking between us, and honestly I don't mind. Car was clean as well!

&#x200B;

About 20 minutes into our drive I notice he's sort of glancing in the rearview at me like he wants to say something, he starts kind of breathing deep breaths and says: ""Sorry I have to pull over."" I reply: ""Ok is everything alright?."" He says ""Sorry having a panic attack.""

I remained calm and told him, ""Ok that's fine man, I have panic attacks too, I'm not going anywhere important, take your time.""

Luckily he was able to pullover, we were in a residential area with a hill next to us and side walk.

He wasn't really speaking much at this point and I told him: ""I know when I have these attacks I like to be alone, don't worry I'm not in a hurry, I'll be over here on the curb playing games on my phone take your time, let me know if you want to call anyone.""

&#x200B;

About 20-30 minutes later, I told him I could drive him the rest of the way so he could finish his trip and make money, he said to give him a few more minutes. He was able to calm down enough to drive us. We arrived fine, I tipped him told him this is my number if he needs to talk with someone with anxiety as well and went on our ways. I think fresh air and giving him space helped him instead of worrying about finishing his trip with me. Anyways just a small story I had today. Cheers",2021-04-29 14:00:00
How to order from subway?,4549,fgqyxb,https://www.reddit.com/r/Anxiety/comments/fgqyxb/how_to_order_from_subway/,145,1583898306.0,I've been pretty much suffering from social anxiety all my life...but subway just gives me chills. I just can't never gather the guts to order from a subway. Can someone explain me how to place an order at subway without being judged?,2020-03-11 11:45:06
Message from your future self,4452,b30dr2,https://i.redd.it/1nj3y16044n21.jpg,94,1553017214.0,,2019-03-20 01:40:14
1. Anxiety makes it hard to go to sleep 2. Depression makes it hard to get out of bed 3. Drink coffee for a boost 4. Caffeine makes anxiety worse 5. Repeat,4391,d56opw,https://www.reddit.com/r/Anxiety/comments/d56opw/1_anxiety_makes_it_hard_to_go_to_sleep_2/,174,1568668047.0,Just one of the hellish cycles that anxiety gets me caught in. Can anyone else relate?,2019-09-17 05:07:27
Today is my cake day and I wanted to post a pic of me smiling for once. Things are starting to look up.,4376,b0ec1e,https://i.imgur.com/ucduJds.jpg,178,1552431075.0,,2019-03-13 06:51:15
"I was thinking why this sub has a lot more upvotes than comments, realized people are too anxious to comment,lol",4177,7u8u4w,https://www.reddit.com/r/Anxiety/comments/7u8u4w/i_was_thinking_why_this_sub_has_a_lot_more/,86,1517392291.0,"edit: welp reaching over 2000 upvotes makes me anxious to post anything here again, so I guess this will be my only post :p",2018-01-31 17:51:31
I DID IT,3918,je7zks,https://www.reddit.com/r/Anxiety/comments/je7zks/i_did_it/,159,1603133668.0,"I ORDERED A PIZZA. YESSSSSSSSSSSSSSSSSSSSSSSSS, EVEN THO I WAS SHAKING WHILE GIVING THE PIZZA MAN MONEY I FCKING DID IT. HOLY SHIT I CANT BELIEVE IM WRITING THIS",2020-10-20 02:54:28
"hey if you know someone has anxiety PLEASE DON'T TEXT THEM ""WE NEED TO TALK"" AND THEN NOT REPLY FOR 7 HOURS FUCK",3879,cr9490,https://www.reddit.com/r/Anxiety/comments/cr9490/hey_if_you_know_someone_has_anxiety_please_dont/,158,1565974312.0,just needed to get that out there,2019-08-17 00:51:52
Do you ever stay up late cause it‚Äôs your time to just exist?,3803,r5dver,https://www.reddit.com/r/Anxiety/comments/r5dver/do_you_ever_stay_up_late_cause_its_your_time_to/,194,1638243878.0,"If I go to sleep then the next day is gonna come so much faster, but if I stay up late I can just exist and not have to deal with the world and I can just be in my little bubble. I don‚Äôt have to live, I can just exist, just be. Everything is quiet and calm and I have no responsibilities and nothing that I HAVE to do besides exist. The next day will come by so fast if I sleep and I‚Äôll miss out on this moment of nothingness, and I‚Äôm just not ready to deal with the next day yet, I just need a few more hours of just being.",2021-11-30 11:44:38
My gal Sprankles - she always knows how to comfort me after a bad panic attack üò∏,3803,amafqr,https://v.redd.it/rl3pvdlvu2e21,85,1549079458.0,,2019-02-02 11:50:58
Due to severe hand tremors from anxiety I‚Äôve had to quit sketching and inking for several years. Finally am managed enough by medication that I could finally finish this piece :),3769,aqriul,https://i.redd.it/h9ztqyp92ng21.jpg,92,1550195728.0,,2019-02-15 09:55:28
"After having really bad anxiety the last couple days, I‚Äôve decided to write out how I feel.",3757,i9b6g3,https://www.reddit.com/r/Anxiety/comments/i9b6g3/after_having_really_bad_anxiety_the_last_couple/,175,1597362595.0,"Ahem.

**AAAAAAAAAAAAAAAAAAAAAAAAAAAAAAAAAA AAAAAAAAAAAAAAAAAAAAAAAAAAAAAAAAAA AAAAAAAAAAAAAAAAAAAAAAAAAAAAAAAAAA AAAAAAAAAAAAAAAAAAAAAAAAAAAAAAAAAA AAAAAAAAAAAAAAAAAAAAAAAAAAAAAAAAAA AAAAAAAAAAAAAAAAAAAAAAAAAAAAAAAAAA AAAAAAAAAAAAAAAAAAAAAAAAAAAAAAAAAA AAAAAAAAAAAAAAAAAAAAAAAAAAAAAAAAAA AAAAAAAAAAAAAAAAAAAAAAAAAAAAAAAAAA AAAAAAAAAAAAAAAAAAAAAAAAAAAAAAAAAA AAAAAAAAAAAAAAAAAAAAAAAAAAAAAAAAAA AAAAAAAAAAAAAAAAAAAAAAAAAAAAAAAAAA AAAAAAAAAAAAAAAAAAAAAAAAAAAAAAAAAA AAAAAAAAAAAAAAAAAAAAAAAAAAAAAAAAAA AAAAAAAAAAAAAAAAAAAAAAAAAAAAAAAAAA AAAAAAAAAAAAAAAAAAAAAAAAAAAAAAAAAA AAAAAAAAAAAAAAAAAAAAAAAAAAAAAAAAAA AAAAAAAAAAAAAAAAAAAAAAAAAAAAAAAAAA AAAAAAAAAAAAAAAAAAAAAAAAAAAAAAAAAA AAAAAAAAAAAAAAAAAAAAAAAAAAAAAAAAAA AAAAAAAAAAAAAAAAAAAAAAAAAAAAAAAAAA AAAAAAAAAAAAAAAAAAAAAAAAAAAAAAAAAA AAAAAAAAAAAAAAAAAAAAAAAAAAAAAAAAAA AAAAAAAAAAAAAAAAAAAAAAAAAAAAAAAAAA AAAAAAAAAAAAAAAAAAAAAAAAAAAAAAAAAA AAAAAAAAAAAAAAAAAAAAAAAAAAAAAAAAAA AAAAAAAAAAAAAAAAAAAAAAAAAAAAAAAAAA AAAAAAAAAAAAAAAAAAAAAAAAAAAAAAAAAA AAAAAAAAAAAAAAAAAAAAAAAAAAAAAAAAAA AAAAAAAAAAAAAAAAAAAAAAAAAAAAAAAAAA AAAAAAAAAAAAAAAAAAAAAAAAAAAAAAAAAA AAAAAAAAAAAAAAAAAAAAAAAAAAAAAAAAAAHHHHH!!!!**

Thank you.",2020-08-14 07:49:55
"Three weeks ago I booked this trip to Hawaii by myself, and three weeks later I‚Äôm happier than ever.",3666,aoie0l,https://i.redd.it/83cohnasidf21.jpg,165,1549644369.0,,2019-02-09 00:46:09
Drawing I made about panic attacks and anxiety...helps me process everything in a new way,3581,88k2ut,https://imgur.com/7ZsT8SJ,179,1522516406.0,,2018-04-01 01:13:26
"Just a friendly reminder that anxiety attacks aren‚Äôt always hyperventilating & rocking back and forth. They are also random bursts of irritability, obsessive behavior and nit picking, hypersensitivity, pacing, silence, zoning out. Always look for signs with your loved ones",3514,7ix1g7,https://www.reddit.com/r/Anxiety/comments/7ix1g7/just_a_friendly_reminder_that_anxiety_attacks/,186,1512942234.0,,2017-12-11 05:43:54
After 4 years of GAD and 1 year of agoraphobia - I finally went out to eat by myself... I feel like I can conquer the world!,3459,apnv7p,https://imgur.com/AmBOgCX.jpg,110,1549936005.0,,2019-02-12 09:46:45
5 Things you don't realise you're doing because of your high functioning anxiety...,3433,rwy5um,https://www.reddit.com/r/Anxiety/comments/rwy5um/5_things_you_dont_realise_youre_doing_because_of/,210,1641420643.0,"1. You're nice and easy to be around but you people please too much

2. You obsess over things that other people probably don't even notice 

3. You're consumed by every mistake you make by beating yourself up over it

4. You know you're capable but you don't fully believe in yourself 

And

5. In every situation the worst scenario is your biggest thought",2022-01-06 06:10:43
Can we just have a round of applause for restaurants that post their menus online,3340,jnwcov,https://www.reddit.com/r/Anxiety/comments/jnwcov/can_we_just_have_a_round_of_applause_for/,69,1604495165.0,"It's sooooo much easier going to a restaurant/caf√©/fast food joint/whatever (for the first time) when you can check out the contents and prices of their menus beforehand, and this especially comes in handy to my socially anxious peeps. Sometimes I see a restaurant that looks promising, but I chicken out because I like to have my order locked and loaded before even setting foot at the place.

Also, this doubles as a plea to all restaurants- if you didn't alreday do it, I'M BEGGING YOU please post your menus online, whether on your website, your IG story highlights, or in an album on Facebook.",2020-11-04 21:06:05
At the end of my first ever session my therapist said something I‚Äôll never forget,3183,hqlsf8,https://www.reddit.com/r/Anxiety/comments/hqlsf8/at_the_end_of_my_first_ever_session_my_therapist/,92,1594667939.0,"EDIT: WOW! Thank you so much guys for your kind words! I‚Äôm in the UK and have just woke up to all of this positivity. I knew reddit was an awesome place but this has just confirmed it even more. We all deserve contentment, thank you so much üíï

So after years of childhood trauma, anxiety and depression I finally got to a stage where I could afford decent therapy and had my first session today. My therapist seems really nice and her little room was the perfect environment for me to feel comfortable talking.

At the end she asked me what I wanted from therapy. As I was telling her all about me and my life, I was constantly worried about her thinking I was overreacting, judging my stories or thinking them not serious enough to require therapy and that I was just a weak person. She looked at my blankly and said ‚Äòis it a big deal for you?‚Äô I said, ‚Äòyes, massively‚Äô and she just simply replied ‚Äòwell then it‚Äôs a big deal...‚Äô, and just shrugged her shoulders and started talking about our next session.

Honestly it was like an epiphany. I realised that if something is a big deal in MY universe, then it is a big deal because it‚Äôs me that matters and someone else not thinking it‚Äôs serious does NOT invalidate that. I‚Äôm always so anxious that my problems will seem silly to someone else, but actually if they really care about helping you get through it, they won‚Äôt judge the nature of the problem but try and help you through it anyway because they know it‚Äôs a serious problem to you. Your problems are all valid and they‚Äôre all worth fixing guys, don‚Äôt ever forget that xx",2020-07-14 03:18:59
"I don't think people realize how much strength it takes to pull your own self out of a dark place mentally. So if you've done that today or any day, i'm proud of you.",3186,buklwx,https://www.reddit.com/r/Anxiety/comments/buklwx/i_dont_think_people_realize_how_much_strength_it/,124,1559165934.0,"EDIT: I heard the quote somewhere, doesn't belong to me. :)",2019-05-30 05:38:54
I was scared of leaving the house but I managed to push myself and it was pretty,3169,aun2h3,https://i.redd.it/kmb0k140rqi21.jpg,77,1551112062.0,,2019-02-26 00:27:42
Anxiety is having a wonderful day ahead of you but not enjoying it because you‚Äôre thinking about that 2 minute phone call you‚Äôll have to make in five days.,3162,73vwid,https://www.reddit.com/r/Anxiety/comments/73vwid/anxiety_is_having_a_wonderful_day_ahead_of_you/,80,1506979924.0,"Edit: sometimes I just feel so alone, sometimes more than 1.5k people relate to me. Thank you. ",2017-10-03 05:32:04
Might need a pick me up,3029,9igadx,https://i.imgur.com/KDihRAG.jpg,53,1537778615.0,,2018-09-24 16:43:35
"To whoever is scrolling through Reddit right now, here‚Äôs your reminder...",3023,khm1ni,https://www.reddit.com/r/Anxiety/comments/khm1ni/to_whoever_is_scrolling_through_reddit_right_now/,98,1608572410.0,"Unclench your jaw. Drop your shoulders. Take a deep breath in and hold it...and slowly let it go. 

Have a wonderful Monday, beautiful! üíõ",2020-12-22 01:40:10
"This is the first time I have been to the movies since getting PTSD and the first time EVER going to a movie solo!! Had lots of anxiety, did it anyway, and now feel super badass!",2983,b73y8c,https://i.redd.it/e45i3x2v15p21.jpg,163,1553900299.0,,2019-03-30 06:58:19
I WENT TO THE GYM AND I DIDN‚ÄôT DIE!!! (I‚Äôve had public workout anxiety since elementary school),2978,axddek,https://i.redd.it/tkjgxcvbi6k21.jpg,79,1551738701.0,,2019-03-05 06:31:41
"Anxiety is when you can't do anything, because you're worried that you're gonna do it wrong.",2940,hx5k0f,https://www.reddit.com/r/Anxiety/comments/hx5k0f/anxiety_is_when_you_cant_do_anything_because/,100,1595610178.0,,2020-07-25 01:02:58
I wanted to share my new embroidery with you all as a reminder of your value ‚ù§,2942,9q46ls,https://imgur.com/mNlsr1b,109,1540134316.0,,2018-10-21 23:05:16
When you're calm and relaxed,2936,904k7g,https://i.imgur.com/Gy7C8ob.jpg,27,1531994804.0,,2018-07-19 18:06:44
"i experienced the worst panic attack i‚Äôve ever had. this is my bunny, Chicken, helping me feel better",2910,ankpwd,https://v.redd.it/qgln2seqcue21,138,1549412589.0,,2019-02-06 08:23:09
"Does anyone else repeat conversations over and over again, convincing yourself that what you said was weird or how you said it was weird?",2898,ibeugv,https://www.reddit.com/r/Anxiety/comments/ibeugv/does_anyone_else_repeat_conversations_over_and/,119,1597673459.0,"I‚Äôll sit there and rabbit hole, thinking ‚ÄúI said goodbye weird, they must of noticed‚Äù or ‚ÄúI messed up my sentence, they must think I‚Äôm dumb‚Äù. Silly things like these.

Edit: I didn‚Äôt expect this to get so many replies, thank you for relating; feels less lonely haha.",2020-08-17 22:10:59
Anybody else ever find themselves staying up late purely to make it feel like there‚Äôs more time between now and tomorrow??,2868,gruwbn,https://www.reddit.com/r/Anxiety/comments/gruwbn/anybody_else_ever_find_themselves_staying_up_late/,133,1590622294.0,I have work in the morning and my brain is like ‚Äúif you stay up til 1 then you have another half an hour to relax before going to sleep & waking up anxious for work‚Äù,2020-05-28 07:31:34
"I once asked my psychiatrist why am I tired all the time and he took out his phone, turned on the torch and said to me, ‚ÄúIf I leave the torch on, it will drain the energy of the phone. That‚Äôs what anxiety does to you and that‚Äôs why you don‚Äôt have any energy left for other things.‚Äù",2837,tilobp,https://www.reddit.com/r/Anxiety/comments/tilobp/i_once_asked_my_psychiatrist_why_am_i_tired_all/,114,1647784797.0,I thought it was an interesting way to look at it and wanted to share with you all.,2022-03-20 21:59:57
"It's so frustrating when society wants to be all ""mental health awareness"" but when it comes to the actual symptoms of anxiety and other mental illnesses or being slightly low functioning, you're suddenly condemned for showing them",2809,n6ze4c,https://www.reddit.com/r/Anxiety/comments/n6ze4c/its_so_frustrating_when_society_wants_to_be_all/,120,1620396626.0,"The company that I worked for: ""Hey it's mental health week! Here is a pdf on how to treat people with kindness and always be mindful of others and what they might go through!""

The same company after mental health week: ""Oh what? You're overwhelmed with stress and you're showing side effects of the workload you're carrying while panicking and taking a breather? Meet me at the office after work because this behaviour is unacceptable and unprofessional compared to your neurotypical co-workers that can carry the job normally.""

EDIT: holy shit, didn't expect this to get 2k+ upvotes in less than a day. Thanks guys for the rewards, I don't know how reddit rewards work but thanks!

I feel less alone when it comes to this subject but at the same time it's sad and upsetting to know that this problem is everywhere and the mental health when it comes to society has a loooooooong way till it's normalised like a physical illness. Sending my support to you guys and I hope the world can eventually treat you better without being gaslit <3",2021-05-07 22:10:26
Today is a hard day. My cat knows exactly when I‚Äôm having a panic attack and cuddles with me until I calm down. Animals are magical. ‚ù§Ô∏è,2774,altog9,https://i.redd.it/eia0g6kqgtd21.jpg,49,1548965696.0,,2019-02-01 04:14:56
Anxiety is waking up 3 hours before your alarm and not being able to fall back asleep because you're worried you won't be able to fall back asleep.,2765,cnmz0o,https://www.reddit.com/r/Anxiety/comments/cnmz0o/anxiety_is_waking_up_3_hours_before_your_alarm/,105,1565276615.0,Thanks brain.,2019-08-08 23:03:35
Ain't THAT the truth...,2742,19s265,http://i.imgur.com/DAoXarZ.png,94,1362584285.0,,2013-03-06 23:38:05
I'm so anxious while doing schoolwork that my fitbit thinks i'm working out,2727,8azyb5,https://i.imgur.com/MWg9fJv.png,84,1523292748.0,,2018-04-10 00:52:28
Service dog senses and responds to owner's oncoming panic attack,2703,8zoqnl,https://gfycat.com/gifs/detail/gloomybestekaltadeta,92,1531859003.0,,2018-07-18 04:23:23
My family isn‚Äôt the most understanding when it comes to my anxiety so I lean a lot on my cats for support. I did some photo art about how I see them.,2695,9chxxu,https://i.imgur.com/Oai5U4L.jpg,74,1535944069.0,,2018-09-03 11:07:49
I made a lil comic based on a post I saw here about work while having anxiety. so here it is.,2686,73eceo,https://imgur.com/M1b1ET4,90,1506769740.0,,2017-09-30 19:09:00
I FUCKING HATE SOCIAL ANXIETY BECAUSE YOU‚ÄôRE SCARED TO TALK TO PEOPLE BUT ALSO DYING TO TALK TO PEOPLE AND HANG OUT AND RELAX AND HAVE FUN AND NOT BE ALONE AND LONELY AND FEEL LIKE SHIT BUT YOU DO FEEL LIKE SHIT BECAUSE YOU CAN‚ÄôT EVEN RELAX ENOUGH TO TALK TO PEOPLE WITHOUT OVERTHINKING EVERYTHING,2671,729ap4,https://www.reddit.com/r/Anxiety/comments/729ap4/i_fucking_hate_social_anxiety_because_youre/,107,1506302574.0,,2017-09-25 09:22:54
Trying to sleep with anxiety is like trying to sleep with relentless pop up ads in your mind,2672,cohwjf,https://www.reddit.com/r/Anxiety/comments/cohwjf/trying_to_sleep_with_anxiety_is_like_trying_to/,119,1565442983.0,,2019-08-10 21:16:23
Anyone else feel like they are wasting their life by focusing on just having the day be over - but every day?,2631,isjt2m,https://www.reddit.com/r/Anxiety/comments/isjt2m/anyone_else_feel_like_they_are_wasting_their_life/,193,1600086099.0,"Every day I have this anxiety about work, and every day I tel myself ‚Äúwell it‚Äôll be over at 5pm‚Äù and then I have the evening but I go to bed very early because I‚Äôm tired of being anxious all day and then do it all over again in the morning. I feel like I‚Äôve lost months of time like this. I don‚Äôt want to let my life disappear into just waiting for the days to be over.",2020-09-14 20:21:39
You have survived 100% of the panic attacks you‚Äôve ever had. You‚Äôre doing damn good! Keep pushing :),2581,qfixb8,https://www.reddit.com/r/Anxiety/comments/qfixb8/you_have_survived_100_of_the_panic_attacks_youve/,125,1635174855.0,,2021-10-25 23:14:15
Anyone else more anxious about COVID restrictions being lifted than they were about them being implemented?,2517,g8v0l8,https://www.reddit.com/r/Anxiety/comments/g8v0l8/anyone_else_more_anxious_about_covid_restrictions/,227,1587968002.0,"I have adapted really well to the social isolation and working from home thing. I have a great routine now (way more balance with work/life/health than I did pre-covid) and love having more time to spend with my pets, reading & contemplating. All the zoom meetings for work and maybe 1-2 virtual ‚Äúcatch ups‚Äù with friends every week are adequate for me socially. 

However when I think about how I‚Äôll have to go back to my typical 8-5 grind with a 2 hour commute on top of those hours, I feel super anxious. Anybody else in a similar boat? 

Note I‚Äôm not saying I hope covid continues to thrive, I know it has had a severely negative impact on many people. I am just anxious at the thought of returning to what was my ‚Äúnormal life‚Äù that I hated.",2020-04-27 14:13:22
Does anyone else constantly feel like they‚Äôve done something wrong after social interactions?,2521,ghiqy2,https://www.reddit.com/r/Anxiety/comments/ghiqy2/does_anyone_else_constantly_feel_like_theyve_done/,164,1589180776.0,"Basically the title. I constantly feel like I‚Äôve done or said something wrong or offensive and somebody is mad at me after social interactions. Especially with my family and friends. Even if the interactions ended positively and with hugs goodbye and such. I don‚Äôt have a bad relationship with any of them. I don‚Äôt consider myself anti social. I‚Äôve mentioned this to my husband and some friends and have been told it‚Äôs all in my head basically(in the nicest way possible). My husband will reassure me that I‚Äôve done nothing wrong and no one is mad at me, but I usually have a really hard time shaking the feeling and sometimes it even lasts into the next day. It happens all the time. He and others will say even if someone is mad at me that they‚Äôll get over it, probably before I even see them again and I shouldn‚Äôt worry about it, but for some reason I can‚Äôt shake the guilty feeling. Is this just me?

EDIT:  I never expected this post to get the response that it did. I want to reply to everyone, but don‚Äôt want to be a broken record either. I‚Äôm sorry you all are suffering with this as well and I hope we all find some relief someday. It really helps me to know I‚Äôm not alone in these feelings. I hope knowing you‚Äôre not alone brings you some relief as well. And I‚Äôm nobody special, but if anyone ever needs to talk or share experiences I‚Äôm here.",2020-05-11 15:06:16
Is this also you? Because this is me.,2506,92ouni,https://i.imgur.com/nIpnZah.jpg,36,1532807061.0,,2018-07-29 03:44:21
"Anxiety Pro Tip: Anxiety thrives on your avoidance. If you have an anxiety-provoking task to do, make it your first task of the day. Otherwise, it'll only start to feel scarier and harder to complete in your mind.",2487,gnfhvp,https://www.reddit.com/r/Anxiety/comments/gnfhvp/anxiety_pro_tip_anxiety_thrives_on_your_avoidance/,88,1589995065.0,"Avoiding the anxiety-provoking task feels good in the short term because your brain feels like it has avoided some kind of threat. This is one of the reasons why procrastination feels so good! However, avoiding the task just reinforces your belief that the task *is* a threatening one, so the anxiety gets more intense the next time you come to it. 

Making it your first task will eliminate this vicious cycle altogether. You'll likely feel better as you'll get a sense of achievement from ""beating"" the anxiety-provoking thing. There is also the added bonus that it won't be nagging the back of your mind for the rest of the day!

All credit for this tip goes to u/TomClinPsy who posted it elsewhere but it was removed for some reason. Luckily I had screenshot it because it felt so profound to me.",2020-05-21 01:17:45
I know a lot of us take antidepressants for anxiety so here's a map I made about it,2478,9rqx5t,https://imgur.com/4kn2y2A,254,1540607511.0,,2018-10-27 10:31:51
"Does anyone else get worried/panicked that they‚Äôre wasting years of their life being anxious and that one day you‚Äôll look back and see how much of your life you spent feeling negative, never to reclaim those years? üòì",2463,klxzzk,https://www.reddit.com/r/Anxiety/comments/klxzzk/does_anyone_else_get_worriedpanicked_that_theyre/,148,1609186433.0,"This often comes over me and I stress so much that I‚Äôll spend so many years feeling so negative and anxious, only to waste my life doing so and not able to live my life to the full. It sounds dumb I know but I imagine being old and looking back at what should have been some of the best years of my life which were actually tainted.

EDIT: Thank you so much for all your comments/upvotes/awards. I feel a lot better knowing I‚Äôm not alone, although I wouldn‚Äôt wish this feeling on anyone else! We can do this guys!",2020-12-29 04:13:53
Having anxiety and depression at the same time is not have enough energy to get up and brush your teeth but then anxiety making you worry about loosing all of your teeth till you get up and brush your teeth,2460,h0sonr,https://www.reddit.com/r/Anxiety/comments/h0sonr/having_anxiety_and_depression_at_the_same_time_is/,109,1591852450.0,,2020-06-11 13:14:10
FUCK this disorder.,2455,jg1bgm,https://www.reddit.com/r/Anxiety/comments/jg1bgm/fuck_this_disorder/,145,1603379106.0,That is all.,2020-10-22 23:05:06
Feeling so proud of: -present me- for going to my exercise class even though I was late and was anxious people would be mad. -past me- for getting up the guts to start going to the class in the first place. That was super scary! Now it‚Äôs a routine it‚Äôs easier to go.,2449,b3yiqd,https://i.redd.it/lag4ym4cikn21.jpg,139,1553215745.0,,2019-03-22 08:49:05
"I actually did it. Found an amazing new job in a much better city, faced my boss to quit my current job. Found a house, turned on utilities, and scheduled movers.",2439,hvi1fy,https://www.reddit.com/r/Anxiety/comments/hvi1fy/i_actually_did_it_found_an_amazing_new_job_in_a/,67,1595372632.0,"I'm not going to lie. It was hell. Every step of it was panic attacks, fear, and a rollercoaster of emotions. But I did it. And now I have such a massive feeling of relief. It really made clear that the only way to deal with things is literally just to face them head on. I wasn't going to have this amazing new house or job unless I pushed myself through. Period. 

If you're going through something and its hard to follow through, or hard to even start. Just try and think about the end goal, not the process. It doesnt make it easy. But it gives you just enough motivation to keep taking one more small step at a time. As Dory says, ""just keep swimming"".",2020-07-22 07:03:52
"I‚Äôm an italian OCD and anxiety sufferer, and I‚Äôm here to tell you that it‚Äôs going to be okay.",2430,fhrl00,https://www.reddit.com/r/Anxiety/comments/fhrl00/im_an_italian_ocd_and_anxiety_sufferer_and_im/,286,1584062638.0,"I know you probably don‚Äôt believe me, but it WILL get better and easier. I know it sounds scary when governments start to put out all of those limitations and lockdowns, but it‚Äôs for the better. 

If you‚Äôre starting quarantine or are obligated to stay home just like we are, I promise you‚Äôll get used to it. And not used to it in a negative way! There are so many things you can do at home: I baked so many cakes, I‚Äôm trying to do the splits, I‚Äôm reading all the books I never got a chance to read. Isolation is reaaally not that bad.

We have the amazing power of adaptation. Every tool you have learned to cope with your anxiety will come in super handy, and you‚Äôll see how strong you are with them. Sometimes I imagine COVID-19 as the boss level of anxiety, and it gets me super pumped lol. It makes me want to kick its ass so much.

It‚Äôs a wild ride but if us italians are riding it out, you‚Äôll ride it out as well!
Sending you all a giant hug. We‚Äôre in this shit together.

And please, remember this pro tip: check what is necessary to check on the news. And that means check only what YOU as a citizen need to do. Numbers will go super high, then super low, then high and low again... it‚Äôs a pain that you really don‚Äôt need in your everyday life. If it‚Äôs impossible for you to resist the urge, have a trusted loved one tell you the necessary things you need to know: if there are new limitations, if you can go to school / work , what you should do with your hands etc.

EDIT: thank you so much for the awards, I really never thought this would blow up. There are so many comments, I‚Äôll try my best to answer to the most. But as for all the compliments, THANK YOU!! You are all really sweet. You‚Äôve joined the fight with us, you are not alone :).",2020-03-13 09:23:58
"I saw someone say: ""Having anxiety is like that moment where you feel your chair go too far back or missing a step on the stairs, but it's constant"" and I haven't agreed more",2425,jxvrox,https://www.reddit.com/r/Anxiety/comments/jxvrox/i_saw_someone_say_having_anxiety_is_like_that/,85,1605900761.0,,2020-11-21 03:32:41
I don‚Äôt think most people understand how exhausting the physical symptoms of anxiety are,2425,i0tv3h,https://www.reddit.com/r/Anxiety/comments/i0tv3h/i_dont_think_most_people_understand_how/,208,1596142052.0,"There‚Äôs a lot of physical symptoms such as shaking, fidgeting, heavy breathing, rapid breathing, getting extremely overheated, rapid heartbeat, stomach pain, nausea, bathroom issues, etc. I think most people just assume it‚Äôs completely internal, but man it can be exhausting. Especially when you‚Äôre in an anxiety-inducing situation that is lengthy, such as a social outing. It can really take a toll on your energy and productivity, even the next day.",2020-07-31 04:47:32
I painted health anxiety... At least how it feels to me.,2422,5qc8qc,https://i.reddituploads.com/7396cfa55bf849c3b6c9f7ed08370522?fit=max&h=1536&w=1536&s=f026c9e499ebd84d90019a7487b866e6,169,1485459027.0,,2017-01-27 03:30:27
Anxiety is sending an email and then not checking your email for 3 days because you're scared of seeing the reply.,2416,7df7ig,https://www.reddit.com/r/Anxiety/comments/7df7ig/anxiety_is_sending_an_email_and_then_not_checking/,117,1510863865.0,,2017-11-17 04:24:25
Just managed to successfully complete a 9 hr shift at work today (I cook at a Pizza Hut) after suffering a panic attack on shift just last Sunday.,2397,b4qt9v,https://i.redd.it/oqq8i82bzyn21.jpg,78,1553390947.0,,2019-03-24 09:29:07
"I don‚Äôt know who needs to hear this, but, unclench your jaw and relax your shoulders.",2394,ewbhpn,https://www.reddit.com/r/Anxiety/comments/ewbhpn/i_dont_know_who_needs_to_hear_this_but_unclench/,133,1580415285.0,"Yes that‚Äôs it, relax, you deserve it. :)

Edit: every time I get a notification for my post, it reminds me to do this lol.",2020-01-31 04:14:45
Does anyone else ever take out your ear buds to make sure no one else can hear what you're listening to?,2384,9m2grs,https://www.reddit.com/r/Anxiety/comments/9m2grs/does_anyone_else_ever_take_out_your_ear_buds_to/,133,1538885871.0,,2018-10-07 12:17:51
Do what you can with what you have wherever you are.,2352,atwk8y,https://i.redd.it/wrlhb99v6ci21.jpg,85,1550935791.0,,2019-02-23 23:29:51
Healthy people talk about anxiety as if it‚Äôs something you can control...,2316,i7pg2g,https://www.reddit.com/r/Anxiety/comments/i7pg2g/healthy_people_talk_about_anxiety_as_if_its/,158,1597142173.0,"‚ÄúJust breathe!‚Äù ‚ÄúThink positively.‚Äù ‚ÄúWorrying only makes you suffer twice.‚Äù Ya know, those kinds of saying. 

I wish it was that easy. If I could control it, it wouldn‚Äôt be called an illness. 

This morning I woke up feeling perfectly fine (which is rare), was sitting on my couch reading then all of the sudden, my heart started beating so fast for no fucking reason, and I started hyperventilating. It took like 2 hours to collect myself and I had no idea what that whole episode was about.

So don‚Äôt tell me it‚Äôs something I can control, I had a panic attack while thinking about literally nothing.

Edit: Thank you to all the healthy people that replied to this post saying: ‚ÄúWe mean well‚Äù. I get that. But it‚Äôs not helpful at all, when we‚Äôre venting and your first reaction is defensiveness. Sometimes all we want is to be heard. I know this is irrational, but jumping in with a cure sometimes isn‚Äôt the best route. 

Also, to all my GAD fellows, thanks for reading & understanding.",2020-08-11 18:36:13
"People with a mental illness are not lazy. They have to face an internal battle everyday. And we all know loosing the battle is not an option. We literally have the biggest, most important job possible. Keeping ourselves sane and alive.",2297,9p5hxf,https://www.reddit.com/r/Anxiety/comments/9p5hxf/people_with_a_mental_illness_are_not_lazy_they/,130,1539832908.0,,2018-10-18 11:21:48
I took a blanket and a hot water bottle out to a homeless man sleeping under the stairs on my apartment building. I'm shaking and feel faint but am proud I did it.,2296,okttam,https://www.reddit.com/r/Anxiety/comments/okttam/i_took_a_blanket_and_a_hot_water_bottle_out_to_a/,103,1626358829.0,"It's about 2 degrees Celsius at night where I live right now, for context. As I arrived home late this evening I saw a homeless man sleeping under some building insulation fabric in the outdoor stairwell of my apartment building. 

As soon as I got inside my nice toasty apartment I couldn't stop thinking about how the poor guy must be freezing. I couldn't help but feel such an aching sadness that so many people just would walk past, not doing anything because of their discomfort, just like the discomfort I was feeling. I decided fuck it, show this guy the care and common decency you would want if you were in a similar situation. I found a spare blanket I had, nice and fuzzy and warm, and a hot water bottle I don't use and filled it up with hot boiled water. I was shaking so hard at this point and almost chickened out. 

Barely getting my key in the door to unlock my deadbolt as I was shaking so much, I forced myself to walk outside to him with the blanket and hot water bottle. I apologised for disturbing him, and simply said he must be freezing and to keep both items. He told me I was a gem, and thanked me.

Im back inside my apartment now, feeling like I'm about to faint from the adrenalin and starting to cry from the stress of the situation, but I am so proud of myself. I conquered the anxiety today in favour of my gut feeling and desire to act on my belief of kindness to all.

I feel I'm making a big deal out of literally just being a decent human, but it was a big deal for me and my anxiety so I wanted to share the success.",2021-07-15 22:20:29
I don't think a lot of people realise how much of a disability anxiety can be.,2272,uxeqkv,https://www.reddit.com/r/Anxiety/comments/uxeqkv/i_dont_think_a_lot_of_people_realise_how_much_of/,191,1653476118.0,"Confidence is 75% of the battle in life. Jobs, partners, friends, etc. it's all down to being confident. You may not actually know what you're doing but being confident will convince all those around you. 

With anxiety, you will be constantly doubting yourself, thinking you can't do it. Trying to talk yourself out of daunting situations, and as such struggling to grow as a person.

It can be hard for people to understand how much of a disadvantage this puts you in. It's harder to make friends and socialise, date, work, and even things like phoning the doctor, driving, and shopping can feel like too much to handle. 

Constant anxiety is so incredibly unhealthy for your psyche yet people without anxiety often can't understand this. Instead we appear a bit shy, maybe even lazy, but they don't know what it feels like to have this affliction",2022-05-25 18:55:18
Does anybody else have anxiety on your days off because you are ‚Äúwasting‚Äù it doing nothing?,2255,i2jiqh,https://www.reddit.com/r/Anxiety/comments/i2jiqh/does_anybody_else_have_anxiety_on_your_days_off/,122,1596401574.0,"I have been like this for years but I feel it‚Äôs been worse lately because of COVID and the fact that I‚Äôve been working from home. I always felt anxious/guilty when I would relax, hangout inside and play video games on my days off by myself. I felt like I was supposed to be doing something productive, exercising the dog, etc. But I was working a more labor intensive job before. I now have a desk call center job and have been stuck working from home since March. So on my days off, if I don‚Äôt have plans, I‚Äôm still home and feel like I should be out doing something. But some weekends I just want to do nothing, even if it‚Äôs beautiful out (I usually pray for rainy days when I‚Äôm off so I feel less guilty.) I also hate the heat so when it‚Äôs too hot, I don‚Äôt want to be outside. AND I usually get house chores done on my first day off so I can relax later but I still am anxious all day because I‚Äôm relaxing and playing video games. I feel like I waste my all my days off thinking of things I SHOULD have done and then when I go back to work, I feel like I wasted all my days off thinking of things I should be doing instead of mentally relaxing. I‚Äôve honestly found myself either drinking or getting High more on my days off just so I can forget these feelings and relax.

*Edit to add, I‚Äôm also more introverted so making plans with friends can be exhausting but I do it and have fun every time. Recently all my weekends have been jam packed with plans so I wouldn‚Äôt feel like this but apparently it doesn‚Äôt work that way!",2020-08-03 04:52:54
Does anyone use their phone excessively for hours to distract their brain?,2259,cjj47b,https://www.reddit.com/r/Anxiety/comments/cjj47b/does_anyone_use_their_phone_excessively_for_hours/,188,1564442135.0,,2019-07-30 07:15:35
"I‚Äôm a young kid with really terrible death anxiety. For the first time, I‚Äôm visiting my grandfather‚Äôs grave. Grabbed some ice cream on the way... feeling very nervous but wish me luck, going with a smile for him! :)",2253,baah19,https://i.redd.it/0xljnqkwdqq21.jpg,88,1554594439.0,,2019-04-07 07:47:19
I just had an anxiety attack and my friends made fun of me and I'll never hang out with them again,2244,i65pbj,https://www.reddit.com/r/Anxiety/comments/i65pbj/i_just_had_an_anxiety_attack_and_my_friends_made/,243,1596916827.0,I fucking hate them. They have no empathy and they are fucking assholes. I left them and I am on the beach rn because sea calms me down.,2020-08-09 04:00:27
I love you and hope you are having an awesome day,2248,8yee2b,https://imgur.com/4Lr5T5A,60,1531434514.0,,2018-07-13 06:28:34
Do you get anxiety when you feel like you have been too opinionated? Like you get anxious that you've probably spoke about something so strongly and you start thinking of what other people might say? I get anxious thinking that I might be wrong and have spoke about it too much.,2240,hszlwz,https://www.reddit.com/r/Anxiety/comments/hszlwz/do_you_get_anxiety_when_you_feel_like_you_have/,108,1595005919.0,,2020-07-18 01:11:59
Anyone feels like they live more in their head than in real life?,2233,m31qy4,https://www.reddit.com/r/Anxiety/comments/m31qy4/anyone_feels_like_they_live_more_in_their_head/,121,1615499522.0,"So, I was wondering, anyone feel like this? 
I think I spend more time in my one head than in the real life. I constantly fantasise and I take refuge in books and TV shows. 
I'm very emphatic too, and I usually imagen how is does the characters feels. 
Don‚Äôt get me wrong, I know what is real life and what isn‚Äôt. But I took comfort in imaginary worlds and usually overindulge in this feelings and worlds. 

I feel like life is extremely unpleasant more of the time. When I was younger this could had been seen as ""daydreaming"" but I‚Äôm almost 22 years old now‚Ä¶ and I don‚Äôt know if this is still a good thing.

Edit: Hey! I'm so so happy for all the support in the comments. I just wanted to say thank you to you all! This has been quite emotional for me, being able to see myself in others and the similar things we all live trough. Thank you all for being so amazing!",2021-03-12 05:52:02
There are people out there who don't have anxiety,2210,jubv7z,https://www.reddit.com/r/Anxiety/comments/jubv7z/there_are_people_out_there_who_dont_have_anxiety/,246,1605397453.0,"Isn't it just such a wild thought that there are people out there who just live their lives? They're not constantly worrying or feeling overwhelmed. They don't have panic attacks. They're able to do whatever they feel like doing! Like, it's so insane to me there are people who can travel the world, or even just function in their day to day lives.

I've only ever known life with anxiety. Although I guess that's better than living a ""normal"" life then developing severe anxiety, I just wish I could have known what it felt to be fearless at some point.

EDIT: I was not expecting this much of a response from everyone, I am very surprised! I am a little overwhelmed by all the comments, so I'm sorry if I don't respond to you but I am reading them! Thank you so much everyone. You are all lovely people, wishing you all the best!",2020-11-15 07:44:13
anyone else get surprised when people genuinely like you and want to spend time with you?,2203,ivfd7t,https://www.reddit.com/r/Anxiety/comments/ivfd7t/anyone_else_get_surprised_when_people_genuinely/,99,1600465690.0,"i almost always doubt someones intentions when they are talking to me. im always worried they think im weird or annoying, and that theyd rather be someplace else. and i almost always think when someone is being nice to me, that they are not being sincere. or when they are telling me something about themselves, they are lying to see if im ""stupid enough to believe it"" or something. i know its dumb and irrational. does anyone know how to let go of this doubtfulness, because im sick and tired of having nearly every conversation be like this. i just want to be able to socialise properly lol. to be honest i think this is less a social anxiety issue and more a self esteem issue but they kinda go hand in hand so",2020-09-19 05:48:10
"U know the feeling when you're really anxious about something, and then you actually do it and it's not that bad üòäüòäüòä",2192,i4bnn9,https://www.reddit.com/r/Anxiety/comments/i4bnn9/u_know_the_feeling_when_youre_really_anxious/,108,1596654683.0,"It feels very nice, idk if this is relatable to other people",2020-08-06 03:11:23
Does anyone get restless on their day off because they know they have to go to work the next day?,2182,moxt7t,https://www.reddit.com/r/Anxiety/comments/moxt7t/does_anyone_get_restless_on_their_day_off_because/,158,1618170274.0,,2021-04-12 03:44:34
"Just realized I've gone 195 days without self harming! I'm so close to 200, and I never would've thought I'd come this far!",2177,j3ejqk,https://www.reddit.com/r/Anxiety/comments/j3ejqk/just_realized_ive_gone_195_days_without_self/,67,1601577748.0,"Edit: Thank you guys so much for all of your nice comments, I read all of them and the support here is so inspiring!",2020-10-02 02:42:28
"I stopped existing to the world for three years after graduating college. Last week, I posted about attending my first full time job interview. I wasn‚Äôt expecting anything, I was proud of myself for being brave. Tonight, they offered me the position. I AM A PERSON AGAIN. I AM REAL. I EXIST.",2168,a5ngut,https://www.reddit.com/r/Anxiety/comments/a5ngut/i_stopped_existing_to_the_world_for_three_years/,79,1544656024.0,,2018-12-13 07:07:04
Anxiety makes you look like an asshole,2155,heupar,https://www.reddit.com/r/Anxiety/comments/heupar/anxiety_makes_you_look_like_an_asshole/,144,1592974980.0,"Slow responses to message, or no responses at all.

I was too busy battling my mind to make time for you.

I‚Äôm sorry. 

Everyone must hate me.",2020-06-24 13:03:00
"Does anyone feel depressed that their anxiety has kept them from experiencing major parts of a ""normal"" life?",2137,adxy6z,https://www.reddit.com/r/Anxiety/comments/adxy6z/does_anyone_feel_depressed_that_their_anxiety_has/,140,1546975802.0,"I barely went out with friends when I was in high school. Always heard about my friends going out to parties, but I never went to one myself. In university, I avoided going out with friends, and mostly kept to myself. At the time, I didn't realize I had anxiety. But now, when I look back, knowing that I had anxiety and depression, it makes me really sad that I missed out on socializing and parties. Even though deep down I feel like I would have felt uncomfortable at them anyways. Not sure if that makes sense or not. It's sort of feeling like I wish I could have enjoyed them even though the reality is that I probably wouldn't have enjoyed them much even if I had had the opportunity to socialize more.",2019-01-09 03:30:02
I DID IT.,2120,ced3nz,https://www.reddit.com/r/Anxiety/comments/ced3nz/i_did_it/,154,1563371443.0,"I FUCKING DID IT. 

I have extremely bad driving anxiety and I have been stressing about this trip for months and today was the day. I drove 2 hours ON THE HIGHWAY!!!! I WENT LIKE 100 km/hr!!!!! and then 2 hours back (in the dark!!!) !!!!!!!

I bought myself a whole pizza when I got there and SMASHED IT BC I FUCKING DESERVED THAT SHIT hahahahah

It‚Äôs literally 1:45 am and I‚Äôm so fucking happy. If you‚Äôre reading this and you‚Äôre too scared to do something, DO IT. On the other side of fear is freedom. I feel like I just beat a boss level. 

Good night guys, sending you all good vibes.

Edit: Thank you so much for all your lovely comments and to whoever gave me gold! I‚Äôve posted about this issue on this sub for a while and I‚Äôm so grateful for all the support I‚Äôve received. Wishing you all the best. üíñ",2019-07-17 21:50:43
Always afraid of 'getting in trouble' - anyone else?,2121,lcke3m,https://www.reddit.com/r/Anxiety/comments/lcke3m/always_afraid_of_getting_in_trouble_anyone_else/,225,1612458375.0,"I've always been nervous about 'getting in trouble' - I'm not sure I can even put words to it exactly.  As a kid it made sense, I had super strict parents, but it's followed me into my adult life.  Like at work, I'm always anxious I'm going to get 'in trouble'.  

And when I self talk that it doesn't even make sense - like who gives a fuck?  Losing my job would suck but I've never lost a job and my boss says I'm doing well.  And yet I find myself always looking over my shoulder and feeling guilt and anxiety building if anything is going wrong or if I slack off a bit after getting work done.

I wish I could shake the tendency but I just can't seem to.  Anyone else feel this?",2021-02-05 01:06:15
"[UPDATE] after almost canceling a job interview due to anxiety, I forced myself to go, went in there, and killed it!!!",2112,c8gayd,https://www.reddit.com/r/Anxiety/comments/c8gayd/update_after_almost_canceling_a_job_interview_due/,125,1562107979.0,"I GOT AN OFFER!!!!!!

I went back to pessimism and expecting the worst after a few days of not hearing back, but I did today, and they offered me the job!!!!! Higher pay, almost double the PTO, amazing benefits... I‚ÄôM JUST SO EXCITED!!!! 

I know on my first day I‚Äôm gonna have massive anxiety and second guess everything and wish I stayed in my comfort zone but I don‚Äôt even care because this just proves to me that if I push through those nasty feelings I really can do anything!!

Thank you so so so much to everyone that gave such kind words of support and encouragement. This has been a HUGE life changing step for me and it‚Äôs amazing to be able to share it with all of y‚Äôall.

Edit: I promise I‚Äôm done bragging on myself after this but I just negotiated a (slightly, not by much but still!) higher salary as well! I‚Äôm over the moon, I can‚Äôt believe I‚Äôm me and I did this haha. 

Thank y‚Äôall, the support in this sub is unbelievable and I‚Äôm so glad these posts were able to motivate people. :) every single one of y‚Äôall has it in you!",2019-07-03 06:52:59
Anyone ever get a surge of anxiety whenever your phone rings? Every time it goes off I just think ‚ÄúFuck. I‚Äôm in trouble‚Äù.,2097,arj0ab,https://www.reddit.com/r/Anxiety/comments/arj0ab/anyone_ever_get_a_surge_of_anxiety_whenever_your/,141,1550395113.0,,2019-02-17 17:18:33
If you're reading this it means I did it,2098,e0fhsz,https://www.reddit.com/r/Anxiety/comments/e0fhsz/if_youre_reading_this_it_means_i_did_it/,137,1574499774.0,I'm really socially anxious and thinking about posting this is making it hard to breath and making me shake but I'm trying to get better and if you're reading this then it means I am taking a small step towards my goal and this is my first post so I'm even more anxious. I'm trying so hard from crying and deleting this post. I've probably wrote 50 different sentences and deleted them thinking it's not good enough and that people would be upset. I really don't want to but I got to try. It's been 15-20 minuets since I started to type all of this  and I'm really  scared on posting it. Please don't be too hard on me... I'm sorry for  the mess of the post  but if you're reading this it means I did it and thank you for reading.,2019-11-23 17:02:54
"I saw a saying that read ""Never get so comfortable in pain that you forget happiness is still an option""",2092,bro7we,https://www.reddit.com/r/Anxiety/comments/bro7we/i_saw_a_saying_that_read_never_get_so_comfortable/,64,1558528343.0,Just thought someone might need this.,2019-05-22 20:32:23
Went and tried to help my neighbor start his car! Pictured is exactly how I felt!,2086,92djhz,https://i.imgur.com/VjsCRHd.jpg,34,1532705701.0,,2018-07-27 23:35:01
"You ! Reading this ! Reminder to untense your jaw, let your shoulders drop and your head settle comfortably. Take a deep breath in and out. You're safe. You're okay.",2059,kmr2hn,https://www.reddit.com/r/Anxiety/comments/kmr2hn/you_reading_this_reminder_to_untense_your_jaw_let/,96,1609288990.0,,2020-12-30 08:43:10
anyone else get anxiety attacks from memories of bad/cringy/nasty stuff from the past?,2058,gl6u7j,https://www.reddit.com/r/Anxiety/comments/gl6u7j/anyone_else_get_anxiety_attacks_from_memories_of/,130,1589679766.0,"I feel like I've become a shit ton better as a person, but there are those nights that make me relive all those bad moments and I beat myself up so much that I get seriously messed up. 

What I wouldn't give to go back and do it all over the right way again..That way, I might've made better friends who would've lasted through maybe?

Or maybe these experiences, they've made me better as a person? They've shaped me? I dont know at this point.

edit - didn't think so many people struggled w this. Awful stuff, but we learn from them and grow as people? take care, all of you, xx",2020-05-17 09:42:46
3 years ago I was terrified of driving and refused to drive on the highway. Today here I am driving across the entire US!,2057,9iivrw,https://imgur.com/K46tm6P,141,1537802896.0,,2018-09-24 23:28:16
I hope this can be helpful for those who get anxious. I‚Äôm still learning ü§ûüèº,2040,8ghtb0,https://i.redd.it/58f7d2z4dgv01.jpg,118,1525271294.0,,2018-05-02 22:28:14
I drove for 20 minutes on the highway by myself!!!!,2036,itjs2w,https://www.reddit.com/r/Anxiety/comments/itjs2w/i_drove_for_20_minutes_on_the_highway_by_myself/,116,1600211038.0,"For the first time ever. I have driving anxiety, but I did it!!!!!",2020-09-16 07:03:58
